tx_hash,type,date,sender,receiver,amount_xrp,direction
D5B47371262B8DA733F5AF3BD9ECCBABD60FB70137927238D10301DDD664B210,Payment,2025-04-12T09:35:10,rw56ptH6tNnqhWabps47t8cFKaS4hTefXE,rw9Pvqf292gNnwP4QXESH52dhTeYNaBDhE,1e-06,incoming
CEF20542D1F10A8449870B5F1FE26A79FF96873B17B54E4D44CDCF331A52B456,Payment,2025-04-12T09:34:41,rwEhPN1raoKQzgkoikKHUq9VQMFNLEy4ra,rw9Pvqf292gNnwP4QXESH52dhTeYNaBDhE,15.0,incoming
AC9DBAF1D44D0BA1EF718916232CF1AA32AEF949F2D552FB11B7674A0492F1C5,Payment,2025-04-12T03:05:22,rpq3gxsz5E6cLB9M4Gin1SDFAKWPdE9vfj,rw9Pvqf292gNnwP4QXESH52dhTeYNaBDhE,1e-06,incoming
4B43481BAF005A8E49BE37D3C20BF997554255B9928CBB666765DDB4ADF11B24,Payment,2025-04-12T03:05:01,rp24eiXZvhsqGZ6yiHvYAmKoJCq7AGVwgS,rw9Pvqf292gNnwP4QXESH52dhTeYNaBDhE,300.0,incoming
2EF04EDB5E04A5C73419F1FF7E0CB442B057AE0D4FB3DE1F1B55C67E7301DC1E,Payment,2025-04-12T02:50:11,rpq3gxsz5E6cLB9M4Gin1SDFAKWPdE9vfj,rw9Pvqf292gNnwP4QXESH52dhTeYNaBDhE,1e-06,incoming
834D5B8E60827C525DF1FE13FEA50E8AC675ABDA3136C9A4B8CB294508330EDD,Payment,2025-04-12T02:49:42,rw9Pvqf292gNnwP4QXESH52dhTeYNaBDhE,rp24eiXZvhsqGZ6yiHvYAmKoJCq7AGVwgS,200.0,outgoing
A7D9D7FED29DBCCAADA80046C404D5B0A36DB1F4F3108B06343917CF2C2946A7,Payment,2025-04-12T02:47:41,rpq3gxsz5E6cLB9M4Gin1SDFAKWPdE9vfj,rw9Pvqf292gNnwP4QXESH52dhTeYNaBDhE,1e-06,incoming
030F19FD87E1DC7027FA660CBEB871DE746D519DC32E5552B4594F6D49EFBB0C,Payment,2025-04-12T02:47:01,rp24eiXZvhsqGZ6yiHvYAmKoJCq7AGVwgS,rw9Pvqf292gNnwP4QXESH52dhTeYNaBDhE,200.0,incoming
CB18022F78A438968655911B73FA4EEDC7A95EB6710C8AC30716B1C322A1810E,Payment,2025-04-11T21:04:50,rwtR2dL3JiviwJUdzCrYJuGZcGPP6jo2bb,rw9Pvqf292gNnwP4QXESH52dhTeYNaBDhE,1e-06,incoming
F4F60287F7CF4D9A830E5D115ECE8E99B14BB302901B2961DE33DE3E6DF79B8E,Payment,2025-04-11T21:04:21,rw9Pvqf292gNnwP4QXESH52dhTeYNaBDhE,rwEhPN1raoKQzgkoikKHUq9VQMFNLEy4ra,50.0,outgoing
F0851776029E864383828A9FAD6095E14E0E1004CA7AC70BE46A05DFDC71C568,Payment,2025-04-10T18:45:40,rwxREBtASoVDjkUwx4VQbzfUiYBH44fEj1,rw9Pvqf292gNnwP4QXESH52dhTeYNaBDhE,1e-06,incoming
EB469B9848B4A4072E1524C208F751876BE098D48B836F422A2323C0A7843BA2,Payment,2025-04-10T18:45:31,rwxREBtASoVDjkUwx4VQbzfUiYBH44fEj1,rw9Pvqf292gNnwP4QXESH52dhTeYNaBDhE,1e-06,incoming
DEDE5A61653648D9134EB6D92AD4A8A35CE1F62EF562D76DA2B9A7AFD7A3CD4E,Payment,2025-04-10T18:45:22,rw9Pvqf292gNnwP4QXESH52dhTeYNaBDhE,ryouhapPYV5KNHmFUKrjNqsjxhnxvQiVt,0.565739,outgoing
CFA36DB1828BA31EA9A462407D14821F88EBB573EF69DB144E1628FEEB1DA611,Payment,2025-04-10T18:45:20,rw9Pvqf292gNnwP4QXESH52dhTeYNaBDhE,rw9Pvqf292gNnwP4QXESH52dhTeYNaBDhE,73.66394,outgoing
0915A7C412461FC0454C754A6BC396AC22353FD454069C2857657240AF02F679,Payment,2025-04-10T16:26:30,rw9Pvqf292gNnwP4QXESH52dhTeYNaBDhE,ryouhapPYV5KNHmFUKrjNqsjxhnxvQiVt,0.15,outgoing
31A5E37DAA0A2AC18C174B5E12F36DAE0919E1058F0A8FAAF2A369CFF71C3701,Payment,2025-04-10T16:25:50,rw9Pvqf292gNnwP4QXESH52dhTeYNaBDhE,ryouhapPYV5KNHmFUKrjNqsjxhnxvQiVt,0.09,outgoing
30E62E6A82166F7F2036DC8797AC1E475AA77BC15250F45E0C4521192AE3C782,Payment,2025-04-10T12:23:00,rJQ9gz6cZq39wYwYJMJgHPicFMw6KJdKeB,rw9Pvqf292gNnwP4QXESH52dhTeYNaBDhE,1e-06,incoming
3F99E94152C74B53EE536E15B09B71E0E5B7468C5DE87EEEA979A05B0212EE44,Payment,2025-04-10T12:22:40,rw9Pvqf292gNnwP4QXESH52dhTeYNaBDhE,rJn2zAPdFA193sixJwuFixRkYDUtx3apQh,10.0,outgoing
3D41F1F05AD1F202B1953DCEF54F4FECD44F9409B31500D4A1F27F93A9CE17F6,Payment,2025-04-07T17:43:11,rJtbg8NXuGkzwBFLWWMhC72XyNqU8sJrhV,rw9Pvqf292gNnwP4QXESH52dhTeYNaBDhE,1e-06,incoming
1B226B389BA2C1A1AA90A8FAAA274B38D817C7757CAE9CC9F6F25E67D104F0EE,Payment,2025-04-07T17:42:50,rw9Pvqf292gNnwP4QXESH52dhTeYNaBDhE,rJn2zAPdFA193sixJwuFixRkYDUtx3apQh,10.0,outgoing
269A304116613F50A7CD0D4EF437BA6CB0D45241ADDF5F1DF5AF3B1E035A16E1,Payment,2025-04-06T14:59:31,rJC4kpCwxZ6tEULJETmrrQzhhSyjtqeKmK,rw9Pvqf292gNnwP4QXESH52dhTeYNaBDhE,1e-06,incoming
B5B527AED06357F150D3BD0E0AB6F761318910903325FE97FFF2C1909E0BC186,Payment,2025-04-06T14:59:11,rw9Pvqf292gNnwP4QXESH52dhTeYNaBDhE,rJn2zAPdFA193sixJwuFixRkYDUtx3apQh,20.0,outgoing
80DE620311D1548EC45A7564577C122F610961FDD6FDB5CD97B3D7216C5C6206,Payment,2025-04-05T12:02:00,rJC4kpCwxZ6tEULJETmrrQzhhSyjtqeKmK,rw9Pvqf292gNnwP4QXESH52dhTeYNaBDhE,1e-06,incoming
2AF21E942CB34DB7449C3B9EAAD48C35992EE1738432FB0B59587708EED40C55,Payment,2025-04-05T12:01:41,rw9Pvqf292gNnwP4QXESH52dhTeYNaBDhE,rJn2zAPdFA193sixJwuFixRkYDUtx3apQh,20.0,outgoing
1C33938687E476B98B403D5C7895F8785ACE9C31ABDBAE8C83913989B5689074,Payment,2025-04-05T12:00:51,rp67TMWbpxoZR55ELPigju1orbEsmnTwmG,rw9Pvqf292gNnwP4QXESH52dhTeYNaBDhE,1e-06,incoming
1C5A8F72F94805176EEFC0610A35F706B48AE6CD6808F89D8A4FACA777A8B086,Payment,2025-04-05T12:00:40,rw9Pvqf292gNnwP4QXESH52dhTeYNaBDhE,rp24eiXZvhsqGZ6yiHvYAmKoJCq7AGVwgS,31.0,outgoing
492BF6A61A26C838066FC05CABC2792E543D97C79E4C35AB83DABA2943551BE2,Payment,2025-04-05T01:30:40,rpSW4mJBfF5o2bmgmkPgUn43MAUDjpvscZ,rw9Pvqf292gNnwP4QXESH52dhTeYNaBDhE,1e-06,incoming
DC9AA20E21D97B8D36AE6770A48C7FAE9FB54CC36E1EF252F13A0EB24D976247,Payment,2025-04-05T01:30:21,rw9Pvqf292gNnwP4QXESH52dhTeYNaBDhE,rp24eiXZvhsqGZ6yiHvYAmKoJCq7AGVwgS,50.0,outgoing
179AE6546AAB010BA4D2A31A6039C60BAFEC34DDB9F48D39763613CC002DFBC0,Payment,2025-04-04T22:33:01,rwKgq5QCx3AkaVDM7YFbvk7FFUCYqc5SRt,rw9Pvqf292gNnwP4QXESH52dhTeYNaBDhE,1e-06,incoming
996F4C7BDD330050D5C6CA5777BAA042F03EFFE8118C3CE4C8D7D8D9FE8827AF,Payment,2025-04-04T22:32:41,rwEhPN1raoKQzgkoikKHUq9VQMFNLEy4ra,rw9Pvqf292gNnwP4QXESH52dhTeYNaBDhE,480.0,incoming
B0C18576BF3C58256E8F28C635E9158A04E1D7934E6610526D753B5D025910A7,Payment,2025-04-03T13:14:42,rPN1pPkBB8UWgwq8cLS8a1MbSAJCzDhq8v,rw9Pvqf292gNnwP4QXESH52dhTeYNaBDhE,1e-06,incoming
2A5C8948F1F8A2BB1F04C5060602C75D5B68C45C1273E7F47832EFB990B1F7A5,Payment,2025-04-03T13:14:30,rw9Pvqf292gNnwP4QXESH52dhTeYNaBDhE,rPVi98VaaT78ad8oEd2fsJ838bvYJ5t8vP,25.0,outgoing
1132D9F14D5AC1180AB72DEA5304448D9492FF89C9ADEB82F2DAA58F0E324059,Payment,2025-04-03T13:13:50,rpUov7RVE9ETkvUkv9DSYnMLTR3oaWg2Qk,rw9Pvqf292gNnwP4QXESH52dhTeYNaBDhE,1e-06,incoming
4855F4DB8F4A497F45BE8D5224EBABF4F94C9BC8BA27249E0AAD2F46FCA30784,Payment,2025-04-03T13:13:22,rp24eiXZvhsqGZ6yiHvYAmKoJCq7AGVwgS,rw9Pvqf292gNnwP4QXESH52dhTeYNaBDhE,30.0,incoming
A9BA34878B4CC7D65EDE9F5F68ECF8DDCE173EAFDDE7640CCFCE285154B94518,Payment,2025-03-29T21:17:30,rJsFGXFuGNfP9C8UaLv3UJ6pTZQ1DsWaNe,rw9Pvqf292gNnwP4QXESH52dhTeYNaBDhE,1e-06,incoming
880F5768B643254EED72CB550B3342388BE51405FFD73A3C67D1EB1807BF32C3,Payment,2025-03-29T21:17:02,rw9Pvqf292gNnwP4QXESH52dhTeYNaBDhE,rJn2zAPdFA193sixJwuFixRkYDUtx3apQh,15.0,outgoing
EDF047E3BAC80F69DE22CEE767AB26627BEFABC0CE9C4EE0656D52368A54B64E,Payment,2025-03-28T18:13:30,rJ1twA9Z4jGsDaKupwPn9qtNE9ZvQU9UBL,rw9Pvqf292gNnwP4QXESH52dhTeYNaBDhE,1e-06,incoming
4052716983228B57D93397236F9D457BE0D2BA9647560B5D3EAF9ECA4367F0B9,Payment,2025-03-28T18:13:11,rw9Pvqf292gNnwP4QXESH52dhTeYNaBDhE,rJn2zAPdFA193sixJwuFixRkYDUtx3apQh,5.0,outgoing
D3F83ED511E23B4BCB41E06307461790BFD876991F43B0494DFB59705E3F1FC2,Payment,2025-03-27T15:10:32,r4brrU3qAYu1vT8e6D5dUQoT2EqJTER88h,rw9Pvqf292gNnwP4QXESH52dhTeYNaBDhE,1e-06,incoming
8ADF60DFB6C7E5719AEB356C6923CA896EB25F84EC513476E15F99E90FDEB06B,Payment,2025-03-27T15:10:12,r441UFLG8VoxHz24kdwbBsTnaUZAs1VXmk,rw9Pvqf292gNnwP4QXESH52dhTeYNaBDhE,19.9999,incoming
50880499FEA1CA307AC7E930A8A7CAC6B34187623A4C1E7C6470C6573145F277,Payment,2025-03-22T10:08:41,rJDK51HhYny7JZtdd3EsJhhLKfYbpi4v2X,rw9Pvqf292gNnwP4QXESH52dhTeYNaBDhE,1e-06,incoming
F08008075BA05CB487BF4EB482CFD99C557DA56BDC4EF42C4111DC3FF6774C47,Payment,2025-03-22T10:08:22,rw9Pvqf292gNnwP4QXESH52dhTeYNaBDhE,rJn2zAPdFA193sixJwuFixRkYDUtx3apQh,5.0,outgoing
AAD88D48E0372146E05EF6DA4D73037AD5E4B2087106A9F446FD3AB4FFE39434,Payment,2025-03-19T13:03:12,r4QwmHYVZkfxL9tn4vg3W1SC97sWf1SDjF,rw9Pvqf292gNnwP4QXESH52dhTeYNaBDhE,1e-06,incoming
542D1EFB7D4876BD2AF469B03AD0C9C33096FFE53DDCB771C19B162F529749F6,Payment,2025-03-19T13:03:00,rw9Pvqf292gNnwP4QXESH52dhTeYNaBDhE,r441UFLG8VoxHz24kdwbBsTnaUZAs1VXmk,20.0,outgoing
E6F3AA1D1DEDEB32E92290F4A4711D93EB9816487387B219A3409C66D148C4F2,Payment,2025-03-16T16:50:01,rwyS5Ru2DJGuH24REf7zP9vPpWSH3yURf3,rw9Pvqf292gNnwP4QXESH52dhTeYNaBDhE,1e-06,incoming
80828255098525191037487752E37D5B9F1FF63C2AC716C3EDF02F3FE4736569,Payment,2025-03-16T16:50:01,rwyS5Ru2DJGuH24REf7zP9vPpWSH3yURf3,rw9Pvqf292gNnwP4QXESH52dhTeYNaBDhE,1e-06,incoming
439F76829579DE66A3537B4BEA12F090A47578DC6D1E4420E3877D1432422521,Payment,2025-03-16T16:49:41,rw9Pvqf292gNnwP4QXESH52dhTeYNaBDhE,rw9Pvqf292gNnwP4QXESH52dhTeYNaBDhE,6.25,outgoing
7917EF601A8D098CF1671154B81BF7CA2EB85451562877A3BE0ED690A4FF8E32,Payment,2025-03-16T16:47:40,rJbPTfa6rafHddTHMVTKWeRPE3Udz1SjKR,rw9Pvqf292gNnwP4QXESH52dhTeYNaBDhE,1e-06,incoming
1808006263FB1E31AE3A71CED67A51CC6CFC9A1BBE189A6A4E3CF5B3D538EB49,Payment,2025-03-16T16:47:20,rw9Pvqf292gNnwP4QXESH52dhTeYNaBDhE,rJn2zAPdFA193sixJwuFixRkYDUtx3apQh,23.0,outgoing
3FF23D903B23DB0D1280D10560496830B923E5E06CE7AA1FC4B6AB2AAF774E2E,Payment,2025-03-16T16:46:51,rwyS5Ru2DJGuH24REf7zP9vPpWSH3yURf3,rw9Pvqf292gNnwP4QXESH52dhTeYNaBDhE,1e-06,incoming
EBE09AEB7BD8A0E1441FD460CEC334FC14D978BB9DC7587D81BC6D9745A4979D,Payment,2025-03-16T16:46:51,rwyS5Ru2DJGuH24REf7zP9vPpWSH3yURf3,rw9Pvqf292gNnwP4QXESH52dhTeYNaBDhE,1e-06,incoming
B51CD58A7724A1E37E46FB70463632038B52DE125D9D9CFC494557C72DE3930D,Payment,2025-03-16T16:46:31,rw9Pvqf292gNnwP4QXESH52dhTeYNaBDhE,rw9Pvqf292gNnwP4QXESH52dhTeYNaBDhE,38.244103,outgoing
D98D64400ABCF5E3402B667E6298891E7CE7E513E010E05F38275A7B06AA6AB1,Payment,2025-03-15T05:21:50,rDUu2raDp9qsPHWXM65e8bZAa8D7PFufr8,rw9Pvqf292gNnwP4QXESH52dhTeYNaBDhE,1e-06,incoming
DDA22B7EB0F2C798953E3A0BCFD9260A3AADF6E9DC1BF7890D7BBCDAE95D67C2,Payment,2025-03-15T01:42:51,rDUu2raDp9qsPHWXM65e8bZAa8D7PFufr8,rw9Pvqf292gNnwP4QXESH52dhTeYNaBDhE,1e-06,incoming
4285463113202D6151A6E180E2AA53907796590DFC8C1FE366EEF236A1B65B49,Payment,2025-03-13T00:52:40,rn2CZeEGsoyKikWwCGAfhapuqPjpxEtcir,rw9Pvqf292gNnwP4QXESH52dhTeYNaBDhE,1e-06,incoming
D6AEC677FDFD4EF26D2C8B97D331C05C289D3840B758AE53E12D1B1A8745FD08,Payment,2025-03-12T10:33:30,rJ8Zegoc7pqwK94MN1unrjQHxiMqLaBLuj,rw9Pvqf292gNnwP4QXESH52dhTeYNaBDhE,1e-06,incoming
218EEABF6C3815541693E48CB815FD8AF5755A12F6182C84F65A20F32DFC9523,Payment,2025-03-12T10:33:02,rw9Pvqf292gNnwP4QXESH52dhTeYNaBDhE,rJn2zAPdFA193sixJwuFixRkYDUtx3apQh,10.0,outgoing
F721DB66226B701667A35A61235D6754E5BC6657C57C89738B11F1472E7BBDFF,Payment,2025-03-12T03:03:41,rn2CZeEGsoyKikWwCGAfhapuqPjpxEtcir,rw9Pvqf292gNnwP4QXESH52dhTeYNaBDhE,1e-06,incoming
718EEF012471107303042EC9C2AFA4523E8A13656126F048B2C6767C6279D576,Payment,2025-03-11T09:43:00,rn2CZeEGsoyKikWwCGAfhapuqPjpxEtcir,rw9Pvqf292gNnwP4QXESH52dhTeYNaBDhE,1e-06,incoming
67E7A27E8DF5DD33F258F699A72AD232252E8FBE21FBDFA9EFC7682D0BC57940,Payment,2025-03-09T08:53:41,ra8FApRsHr9wWCmBpcNM5Jmd8WuMqYG6Ef,rw9Pvqf292gNnwP4QXESH52dhTeYNaBDhE,1e-06,incoming
DEF7478F5C666A926A9E9F7272046BF0136BFAC90D8D76CBC31C6990F417D7BF,Payment,2025-03-08T00:29:20,rftQD9wKvWrTmxN1Aj7tjeSTCuCsFGhwVT,rw9Pvqf292gNnwP4QXESH52dhTeYNaBDhE,1e-06,incoming
8A10BD3B7A8A331129EF98E223344EA2A3702A04C8E65C7921373F58135483CC,Payment,2025-03-07T22:35:00,rwC4YhoEXNdgiN9QQcv4b6P1qSqyN3eaZb,rw9Pvqf292gNnwP4QXESH52dhTeYNaBDhE,1e-06,incoming
958EB082339AC825F850981353D58C2AA391DB07DC599A9B7970305128968F72,Payment,2025-03-07T22:34:31,rw9Pvqf292gNnwP4QXESH52dhTeYNaBDhE,rwEhPN1raoKQzgkoikKHUq9VQMFNLEy4ra,3.0,outgoing
618C699A5F851BE24DEE16977B75087529E22BCFFCEA06668E757F9D451848AA,Payment,2025-03-07T22:34:12,rBEm9rdTE2SsbvYLqZ3DnU8RBZeiwfqM4E,rw9Pvqf292gNnwP4QXESH52dhTeYNaBDhE,1e-06,incoming
4F0D4F23DF489D8D2E604F7C381316E7A6FEB3BA35B230173996A0382E8712C2,Payment,2025-03-07T22:32:21,rBEm9rdTE2SsbvYLqZ3DnU8RBZeiwfqM4E,rw9Pvqf292gNnwP4QXESH52dhTeYNaBDhE,1e-06,incoming
596C2945858BA1CC298D570918A01822F465BC96F5DFD5B118B82D4FD8F80422,Payment,2025-03-07T08:04:30,rsKJnH5eE7ScNSz5rb1Ad9w9LFVG8R1vod,rw9Pvqf292gNnwP4QXESH52dhTeYNaBDhE,1e-06,incoming
A70C79C2229B2D73447DDE81CBC51AE267606355101541842D0BD3BD13FB0668,Payment,2025-03-05T07:15:20,r9T2cnY59bRKmZVyx4hk4RJRpsLaQpMFG7,rw9Pvqf292gNnwP4QXESH52dhTeYNaBDhE,1e-06,incoming
AA101D7C541554F28FEEA0BCD3AB2E54399B683E88916CFC0670F40B2F82255F,Payment,2025-03-03T06:26:01,rnbk4B4kw5WR89Z8eoqenETDi6X92xUech,rw9Pvqf292gNnwP4QXESH52dhTeYNaBDhE,1e-06,incoming
72C26A488A741538237877B9D06DBCFBD950732351FB4F6E56A1A80002FBB5CC,Payment,2025-03-03T03:54:50,rnbk4B4kw5WR89Z8eoqenETDi6X92xUech,rw9Pvqf292gNnwP4QXESH52dhTeYNaBDhE,1e-06,incoming
A9577F0320CC202B6C8DA0A04C3A6A31F084AEAD3E8924C11883B0A26811D918,Payment,2025-03-02T14:02:50,rYskcrGcNgiQYwn9JKC6oyfgnCWRuDQW6,rw9Pvqf292gNnwP4QXESH52dhTeYNaBDhE,1e-06,incoming
05443C2568E584B4BD9C76B7CF39592988C8023662494BE028B762E1497AF705,Payment,2025-03-02T08:48:22,rYskcrGcNgiQYwn9JKC6oyfgnCWRuDQW6,rw9Pvqf292gNnwP4QXESH52dhTeYNaBDhE,1e-06,incoming
7EEDE97177EA034D77BB221596BBE4F2971BF50F275E6A1BF910F8B519154B16,Payment,2025-03-02T01:39:30,rYskcrGcNgiQYwn9JKC6oyfgnCWRuDQW6,rw9Pvqf292gNnwP4QXESH52dhTeYNaBDhE,1e-06,incoming
8DA0F4640EFEC7972D274B052C6100323E4AB2BBF1D0ED0D4961E5931E87DBDE,Payment,2025-02-25T12:55:20,rwGsjb2ynFCtV7H79LidLgnqohcW8748HA,rw9Pvqf292gNnwP4QXESH52dhTeYNaBDhE,1e-06,incoming
A63472F3DBC497F2CEC5CA824F51180F0DD6390F9E28497A2C03947DFCFDBFD0,Payment,2025-02-25T12:55:01,rwEhPN1raoKQzgkoikKHUq9VQMFNLEy4ra,rw9Pvqf292gNnwP4QXESH52dhTeYNaBDhE,30.0,incoming
35ECD9D3855F82909F1C8D92F35989A2925A9E78EEB83832A714B77DDC280D73,Payment,2025-02-23T13:08:41,rJxKV9e9p6wiPwxrJ4X1n98LosPL1sgcJW,rw9Pvqf292gNnwP4QXESH52dhTeYNaBDhE,1e-06,incoming
3D191C1D41243F8C0ECA88D77DB1A482E4E828291CFFC1C8CE0819D4B8A5E556,Payment,2025-02-23T13:08:21,rw9Pvqf292gNnwP4QXESH52dhTeYNaBDhE,rJn2zAPdFA193sixJwuFixRkYDUtx3apQh,4.0,outgoing
74A2DE1BDB8569D08AC2FFC0E146B288E49281CE438ECA6531CDD414D5B323C8,Payment,2025-02-23T13:06:20,rwGsjb2ynFCtV7H79LidLgnqohcW8748HA,rw9Pvqf292gNnwP4QXESH52dhTeYNaBDhE,1e-06,incoming
1A565A90066E02FDDA3C9B5E545E3DAD23FC1CB08F702D0C1743FC22E8DD680F,Payment,2025-02-23T13:06:01,rwEhPN1raoKQzgkoikKHUq9VQMFNLEy4ra,rw9Pvqf292gNnwP4QXESH52dhTeYNaBDhE,3.905724,incoming
4390E05FD27BA9358DF6ECC375535E66CD1DD7381200C0AAB1819170C7713EF8,Payment,2025-02-22T17:39:31,rJxKV9e9p6wiPwxrJ4X1n98LosPL1sgcJW,rw9Pvqf292gNnwP4QXESH52dhTeYNaBDhE,1e-06,incoming
5CB6C99FC6AE550546B51B8330E499F849DE3027688B3C4FBD7F782A5DED00AC,Payment,2025-02-22T17:39:20,rw9Pvqf292gNnwP4QXESH52dhTeYNaBDhE,rJn2zAPdFA193sixJwuFixRkYDUtx3apQh,10.0,outgoing
D59D6A52894D7F47D8B1275108D3B120393542A82C78EC1703D41F23108F9673,Payment,2025-02-12T00:18:02,rJxKV9e9p6wiPwxrJ4X1n98LosPL1sgcJW,rw9Pvqf292gNnwP4QXESH52dhTeYNaBDhE,1e-06,incoming
F2ADFC684AC43A38DF8FC9326AEE93A6581ED552D23B67A3D5A02C531D3BC13C,Payment,2025-02-12T00:17:41,rw9Pvqf292gNnwP4QXESH52dhTeYNaBDhE,rJn2zAPdFA193sixJwuFixRkYDUtx3apQh,20.0,outgoing
03ECA24BD2B293CD6D3B36744521C36CDBA5799EB272128F5814BC4491E1DC4D,Payment,2025-02-10T12:55:40,rJxKV9e9p6wiPwxrJ4X1n98LosPL1sgcJW,rw9Pvqf292gNnwP4QXESH52dhTeYNaBDhE,1e-06,incoming
5CB8349D14FBBCDEA0D04E937DDFC9A55A143C70FE637EC2EA3CB3E065880E10,Payment,2025-02-10T12:55:11,rw9Pvqf292gNnwP4QXESH52dhTeYNaBDhE,rJn2zAPdFA193sixJwuFixRkYDUtx3apQh,12.5,outgoing
A09A855883CA4C9DC79F5A0AF2C92421B5073225139F2FD1499E23A05CCAE051,Payment,2025-02-10T09:26:40,rJxKV9e9p6wiPwxrJ4X1n98LosPL1sgcJW,rw9Pvqf292gNnwP4QXESH52dhTeYNaBDhE,1e-06,incoming
E95055FB19B3A38C2D311F120EAC4C2BE43A889309730F137C89F59704EABDEE,Payment,2025-02-10T09:26:21,rw9Pvqf292gNnwP4QXESH52dhTeYNaBDhE,rJn2zAPdFA193sixJwuFixRkYDUtx3apQh,4.1,outgoing
86886EC547CFAA9B204678D7AFB33C168F89952E9BD0D41F9D6578D19DB2F3A4,Payment,2025-02-05T15:03:52,rJxKV9e9p6wiPwxrJ4X1n98LosPL1sgcJW,rw9Pvqf292gNnwP4QXESH52dhTeYNaBDhE,1e-06,incoming
E998F1D5D5D49FB8818BD6F92251EEB38563657556897BB5896A53A1F2401FB5,Payment,2025-02-05T15:03:40,rw9Pvqf292gNnwP4QXESH52dhTeYNaBDhE,rJn2zAPdFA193sixJwuFixRkYDUtx3apQh,40.0,outgoing
9157D733E2E1147CBF385D7809A5533D9FACBFA06E5A2CC9FE8DFF9078E705E3,Payment,2025-01-29T16:23:21,rKGw3oHcsdnDnw9dnRZZX5TRqyaP6VbGGY,rw9Pvqf292gNnwP4QXESH52dhTeYNaBDhE,1e-06,incoming
9FBC83D0A21F92D2345849112AEDF24BC8B49C2C6B541D6395B3ED95C2DBDF9A,Payment,2025-01-29T16:23:00,rw9Pvqf292gNnwP4QXESH52dhTeYNaBDhE,rKWd5mFBomUj78m6AMLw82ddhapn7MGRJs,3.0,outgoing
290D62562524E41BE68FCD453E0D4AFDCF7E6B5DF8EA7A2B164729AB2BAC69D3,Payment,2025-01-28T15:54:42,rJxKV9e9p6wiPwxrJ4X1n98LosPL1sgcJW,rw9Pvqf292gNnwP4QXESH52dhTeYNaBDhE,1e-06,incoming
7A787A92EC6A90CA8C54445BD47EFC728DF40CD323088DF6337FD677E419D49A,Payment,2025-01-28T15:54:00,rw9Pvqf292gNnwP4QXESH52dhTeYNaBDhE,rJn2zAPdFA193sixJwuFixRkYDUtx3apQh,30.0,outgoing
DD4AE45C76A9287F6CFBEDA33BDE3DE70FC5926B42824017EFB24C825794D5B9,Payment,2025-01-25T13:46:31,rJxKV9e9p6wiPwxrJ4X1n98LosPL1sgcJW,rw9Pvqf292gNnwP4QXESH52dhTeYNaBDhE,1e-06,incoming
4C5CFB188B373BBE1D980B0232849A986BBF69030D7C0DA41134097BE6EE1793,Payment,2025-01-25T13:46:02,rw9Pvqf292gNnwP4QXESH52dhTeYNaBDhE,rJn2zAPdFA193sixJwuFixRkYDUtx3apQh,10.0,outgoing
813451F28B1020DD987CECDDCC735004B303791F8F760C2312069920EE5E6C27,Payment,2025-01-25T09:12:00,rKGw3oHcsdnDnw9dnRZZX5TRqyaP6VbGGY,rw9Pvqf292gNnwP4QXESH52dhTeYNaBDhE,1e-06,incoming
E47BFBB77DDD1A16FB0254FCAF512A542F5B2B9AEAA2329FA51DEDC29DE414CA,Payment,2025-01-25T09:11:40,rKWd5mFBomUj78m6AMLw82ddhapn7MGRJs,rw9Pvqf292gNnwP4QXESH52dhTeYNaBDhE,4.0,incoming
6CF8C411574B793E3B05040A792B66330CF433B651852F03CD0E6594ECD1314C,Payment,2025-01-24T17:14:41,rKGw3oHcsdnDnw9dnRZZX5TRqyaP6VbGGY,rw9Pvqf292gNnwP4QXESH52dhTeYNaBDhE,1e-06,incoming
233C4052090DCBE913C826061915D44A08F1E418CDF9C11CA36ED93AFEB39655,Payment,2025-01-24T17:14:21,rKWd5mFBomUj78m6AMLw82ddhapn7MGRJs,rw9Pvqf292gNnwP4QXESH52dhTeYNaBDhE,5.5,incoming
F4D2D92DF7642B82C1FE031CAE31AB15AA71CEAA5094F5B30812D3144A292261,Payment,2025-01-24T09:10:02,rfj162Jo4LsWSehdNZ4YgL5UC6K4G8SRxi,rw9Pvqf292gNnwP4QXESH52dhTeYNaBDhE,1e-06,incoming
6CCB4141FC3A500A2831A7FC9B02467414730D18C918E9B89839824240C0EBFB,Payment,2025-01-24T09:09:40,rw9Pvqf292gNnwP4QXESH52dhTeYNaBDhE,rfDfJv7rr54o7tYkSxsgs2WbxQfEYhhvFP,3.0,outgoing
BFB326982D5B7EF763462273FFDEF4F7085A01C884A2A011CDCDB402140AD4EA,Payment,2025-01-23T17:52:10,rKGw3oHcsdnDnw9dnRZZX5TRqyaP6VbGGY,rw9Pvqf292gNnwP4QXESH52dhTeYNaBDhE,1e-06,incoming
C2182014D08BF6EAE09B8E453C132D36546E7991E8CD14FBCFA1D405F7617A1D,Payment,2025-01-23T17:51:50,rKWd5mFBomUj78m6AMLw82ddhapn7MGRJs,rw9Pvqf292gNnwP4QXESH52dhTeYNaBDhE,41.056952,incoming
69C01C9BD774F0AA166370313342C7A8CE402F3CC2ADC4131B6F15D9055153D0,Payment,2025-01-20T19:45:12,rKGw3oHcsdnDnw9dnRZZX5TRqyaP6VbGGY,rw9Pvqf292gNnwP4QXESH52dhTeYNaBDhE,1e-06,incoming
BA6AADBC31B9D0F843E637328E50D6CDAA9A23B07AA8D65FFA448C6CF075EFDA,Payment,2025-01-20T19:44:50,rKWd5mFBomUj78m6AMLw82ddhapn7MGRJs,rw9Pvqf292gNnwP4QXESH52dhTeYNaBDhE,4.5,incoming
222EEF1AF05D2493CADDCDC0768F3720A09A208BC8EC2F14A33D8CB263AE3D98,Payment,2025-01-19T18:42:30,rJxKV9e9p6wiPwxrJ4X1n98LosPL1sgcJW,rw9Pvqf292gNnwP4QXESH52dhTeYNaBDhE,1e-06,incoming
1F22C5B331F457D3F8B26B9189F7CF246471A1125DCCCB465CA19F20FA198FAF,Payment,2025-01-19T18:42:00,rw9Pvqf292gNnwP4QXESH52dhTeYNaBDhE,rJn2zAPdFA193sixJwuFixRkYDUtx3apQh,1.0,outgoing
827EED3D641421912F5EE7073A23E77B4E24A89DC45DDD369EA0B3E5D5F9B867,Payment,2025-01-15T07:13:32,rJxKV9e9p6wiPwxrJ4X1n98LosPL1sgcJW,rw9Pvqf292gNnwP4QXESH52dhTeYNaBDhE,1e-06,incoming
D6835A3960FD12CF6C5BD1AD9A3689165E11AD80B2CBF5BB4F77EA2BEFA4A8CE,Payment,2025-01-15T07:11:30,rw9Pvqf292gNnwP4QXESH52dhTeYNaBDhE,rJn2zAPdFA193sixJwuFixRkYDUtx3apQh,5.0,outgoing
38914B6503217A318F721741036FFF8C150C476ED793D9755C501B9A9581FFE0,Payment,2025-01-14T17:15:21,rJxKV9e9p6wiPwxrJ4X1n98LosPL1sgcJW,rw9Pvqf292gNnwP4QXESH52dhTeYNaBDhE,1e-06,incoming
DD6D4059C145E8B6AB6685DA48F62B0FB3439A65F776B9335FCFE0B72B329322,Payment,2025-01-14T17:14:21,rw9Pvqf292gNnwP4QXESH52dhTeYNaBDhE,rJn2zAPdFA193sixJwuFixRkYDUtx3apQh,5.0,outgoing
89748BAF56F807F501C51AA067760E9A344062D396816D11D381D6B7D8C09CCE,Payment,2025-01-14T16:22:32,rKGw3oHcsdnDnw9dnRZZX5TRqyaP6VbGGY,rw9Pvqf292gNnwP4QXESH52dhTeYNaBDhE,1e-06,incoming
28EF85CF18965500095522923ABD995C48EB1E654D32C4801754490A87CAE3F9,Payment,2025-01-14T16:22:02,rKWd5mFBomUj78m6AMLw82ddhapn7MGRJs,rw9Pvqf292gNnwP4QXESH52dhTeYNaBDhE,5.5,incoming
B51B9E98F9AB56AD11FD44AFABE07EE9BE339A38B0764CB640816F76FFEF6981,Payment,2025-01-14T01:02:50,rN8efFRqgCodaQAeijj1v6h9FhEyRkoMF9,rw9Pvqf292gNnwP4QXESH52dhTeYNaBDhE,1e-06,incoming
1AE58A5FEA2427BA9E5B4BCD6B9603A99B63329F9DF48143C7CB6A1859758E73,Payment,2025-01-14T01:00:41,rwGsjb2ynFCtV7H79LidLgnqohcW8748HA,rw9Pvqf292gNnwP4QXESH52dhTeYNaBDhE,1e-06,incoming
033C99C556547FA75E828A6A178DFE8CB1FCC89E76A647EF8067AD4C2EFEF63B,Payment,2025-01-14T01:00:41,rwGsjb2ynFCtV7H79LidLgnqohcW8748HA,rw9Pvqf292gNnwP4QXESH52dhTeYNaBDhE,1e-06,incoming
F976575C6A311F6253E1D3595654017728BA9C04160C3A327A0E3D05280E8BED,Payment,2025-01-14T01:00:11,rw9Pvqf292gNnwP4QXESH52dhTeYNaBDhE,rNqn2fbyCKJvG2vDjWft1fjR2dV9tfptU2,20.0,outgoing
70BB9AED46BB4D76EB3CBE87FBF7079426A540010BEA8843EA44F749FAD2C5F8,Payment,2025-01-14T00:59:11,rw9Pvqf292gNnwP4QXESH52dhTeYNaBDhE,rw9Pvqf292gNnwP4QXESH52dhTeYNaBDhE,97.472179,outgoing
5F530FF98F2607A9D4381200997D5CB6B8B83D005594A3AB2F2E247C229DAFF5,Payment,2025-01-13T15:08:10,rJxKV9e9p6wiPwxrJ4X1n98LosPL1sgcJW,rw9Pvqf292gNnwP4QXESH52dhTeYNaBDhE,1e-06,incoming
D860D2AC0661422A765864278CA47D424E38A032C083D765D3794CCF88FF09BE,Payment,2025-01-13T15:06:40,rw9Pvqf292gNnwP4QXESH52dhTeYNaBDhE,rJn2zAPdFA193sixJwuFixRkYDUtx3apQh,5.0,outgoing
7099766EAA5B26D74A55F266E2693E002A4E7871F4E47B079CA9C26825F8E3F0,Payment,2025-01-13T13:16:20,rJxKV9e9p6wiPwxrJ4X1n98LosPL1sgcJW,rw9Pvqf292gNnwP4QXESH52dhTeYNaBDhE,1e-06,incoming
DD0AAA10E76FDA2FF17881D05D78919C1BF403A40F02C67B3C75B89294C20D49,Payment,2025-01-13T13:15:50,rw9Pvqf292gNnwP4QXESH52dhTeYNaBDhE,rJn2zAPdFA193sixJwuFixRkYDUtx3apQh,5.0,outgoing
1C0CCD41D4E494FF298A66DE4C9A517A4EAC5B0176F5A5A7757E384EACE13B64,Payment,2025-01-07T10:39:21,rJxKV9e9p6wiPwxrJ4X1n98LosPL1sgcJW,rw9Pvqf292gNnwP4QXESH52dhTeYNaBDhE,1e-06,incoming
988FA7D6E93E0F4765CFBCE70DC583735F4235532A7456DEE663688C4C7C483A,Payment,2025-01-07T10:38:31,rw9Pvqf292gNnwP4QXESH52dhTeYNaBDhE,rJn2zAPdFA193sixJwuFixRkYDUtx3apQh,70.0,outgoing
DF1C87CC7F242D3A0CCB0A1AA8A68104E31E4A4E708CB83B9695D1DBABA087DE,Payment,2025-01-07T10:34:00,rwGsjb2ynFCtV7H79LidLgnqohcW8748HA,rw9Pvqf292gNnwP4QXESH52dhTeYNaBDhE,1e-06,incoming
3A91259BE545DAC02827FB05FE411242CD175D2E7C446AA92E7532734362BCE7,Payment,2025-01-07T10:33:52,rwGsjb2ynFCtV7H79LidLgnqohcW8748HA,rw9Pvqf292gNnwP4QXESH52dhTeYNaBDhE,1e-06,incoming
F91D7C7D554862B493625AC2E6DA5B1C3389AE54B4B164AD49A4E3C8257CB9F6,Payment,2025-01-07T10:33:31,rw9Pvqf292gNnwP4QXESH52dhTeYNaBDhE,rw9Pvqf292gNnwP4QXESH52dhTeYNaBDhE,2.218965,outgoing
65E6B3CDC912291A01611C33DAC20EC1EA9FC405B228091521010335A6DDE6A6,Payment,2025-01-07T10:33:11,rwGsjb2ynFCtV7H79LidLgnqohcW8748HA,rw9Pvqf292gNnwP4QXESH52dhTeYNaBDhE,1e-06,incoming
7D9B1DED9A201CD0F2F3F179520BCFB492E8442B9D5B0AEA8FC972131AA7E6CF,Payment,2025-01-07T10:33:11,rwGsjb2ynFCtV7H79LidLgnqohcW8748HA,rw9Pvqf292gNnwP4QXESH52dhTeYNaBDhE,1e-06,incoming
D061258DD8E232BABE40E2AB4DB648DA2FBE1EC9EEDF1580E2010C7CC7440609,Payment,2025-01-07T10:32:50,rw9Pvqf292gNnwP4QXESH52dhTeYNaBDhE,rw9Pvqf292gNnwP4QXESH52dhTeYNaBDhE,2.015773,outgoing
DA9A8EAB7301F09075F5041962628CCE2D823C0D33A146D93A363AF93AFE4A39,Payment,2025-01-07T10:32:10,rwGsjb2ynFCtV7H79LidLgnqohcW8748HA,rw9Pvqf292gNnwP4QXESH52dhTeYNaBDhE,1e-06,incoming
F3185D01D653DC47804B9C2825778E0372A910C195DC68DBA6507DF995C4B1A2,Payment,2025-01-07T10:32:02,rwGsjb2ynFCtV7H79LidLgnqohcW8748HA,rw9Pvqf292gNnwP4QXESH52dhTeYNaBDhE,1e-06,incoming
B1284E4F260E9C77764508F510E24C496CBEC0FEA475B23584C42D0A91B8DF8F,Payment,2025-01-07T10:31:42,rw9Pvqf292gNnwP4QXESH52dhTeYNaBDhE,rw9Pvqf292gNnwP4QXESH52dhTeYNaBDhE,1.986129,outgoing
5C894ACD0377C75E72E564E5394640460B5187DB9D0632089A9016C2FE49B12D,Payment,2025-01-07T10:31:10,rw9Pvqf292gNnwP4QXESH52dhTeYNaBDhE,rw9Pvqf292gNnwP4QXESH52dhTeYNaBDhE,4e-05,outgoing
CD7086CF321C8CF23E2C998A000AE94FA2376DC549D84B71E59498D1C8FD6529,Payment,2025-01-07T10:30:40,rwGsjb2ynFCtV7H79LidLgnqohcW8748HA,rw9Pvqf292gNnwP4QXESH52dhTeYNaBDhE,1e-06,incoming
71546E6FCA97F8249B35BFA08060A9FC8347CE859852378BFE46B189C662AC3C,Payment,2025-01-07T10:30:40,rwGsjb2ynFCtV7H79LidLgnqohcW8748HA,rw9Pvqf292gNnwP4QXESH52dhTeYNaBDhE,1e-06,incoming
F6AB2D0DF8194542AAF9E16DD9B703E8048E64FA7CBFA7EFADAC52A2AA92AD91,Payment,2025-01-07T10:30:20,rw9Pvqf292gNnwP4QXESH52dhTeYNaBDhE,rw9Pvqf292gNnwP4QXESH52dhTeYNaBDhE,9.322862,outgoing
263CF532E9120136EDD0CE1E39A3F561FB1C95B19048C6EC2F5A1259E8D75CBA,Payment,2024-12-28T21:44:41,rpYCGSGfBcYbCmExBTZWUsFHWAKSSrL9ZJ,rw9Pvqf292gNnwP4QXESH52dhTeYNaBDhE,1e-06,incoming
22FCC8752F2D78BC9C2EF8290ECCF2215169ECAA1013C6908D3E51D34489B239,Payment,2024-12-28T21:30:10,rw9Pvqf292gNnwP4QXESH52dhTeYNaBDhE,rp24eiXZvhsqGZ6yiHvYAmKoJCq7AGVwgS,200.0,outgoing
1B0C7A82408038006899A8055C9E16D543430E1081BBB3A3CE55E43FA50F8004,Payment,2024-12-21T14:52:30,rL9d8aJbfEaeTJK9TGo4nsWph54nB6xHwm,rw9Pvqf292gNnwP4QXESH52dhTeYNaBDhE,1e-06,incoming
DEE4A6C3C57443FBF1226CBF7CFA88E5E52DFC16355F5F834CAC33581CA1930D,Payment,2024-12-21T14:51:52,rw9Pvqf292gNnwP4QXESH52dhTeYNaBDhE,rLfgVUe8j6LHjWgudAQpF8dM9spb4ya2Bi,7.0,outgoing
49B986FFFCCAABA392B406974D739B82067B109918A04071A704C27F2DEBE4F6,Payment,2024-12-21T14:27:10,rJxKV9e9p6wiPwxrJ4X1n98LosPL1sgcJW,rw9Pvqf292gNnwP4QXESH52dhTeYNaBDhE,1e-06,incoming
48AD4190005F40BA5DB783FA086222619DFBCBC79BB2EA0C76C2651E8992F08C,Payment,2024-12-21T14:26:42,rw9Pvqf292gNnwP4QXESH52dhTeYNaBDhE,rJn2zAPdFA193sixJwuFixRkYDUtx3apQh,270.0,outgoing
13B6869250A2E73ED75903B27C40C953B34E1B39CA04744172E8CEFC10361612,Payment,2024-12-19T22:42:22,rN8efFRqgCodaQAeijj1v6h9FhEyRkoMF9,rw9Pvqf292gNnwP4QXESH52dhTeYNaBDhE,1e-06,incoming
FB990FBBA4324DF825545CED27590DDE93E2603980C9F3A9873D474A8387C892,Payment,2024-12-19T22:33:40,rw9Pvqf292gNnwP4QXESH52dhTeYNaBDhE,rNqn2fbyCKJvG2vDjWft1fjR2dV9tfptU2,58.0,outgoing
7F8AD9292BBD024B3D358146E170CB70DE0ACA5C90C887D392136ACE10CF4798,Payment,2024-12-19T19:27:02,rpYCGSGfBcYbCmExBTZWUsFHWAKSSrL9ZJ,rw9Pvqf292gNnwP4QXESH52dhTeYNaBDhE,1e-06,incoming
7807BDE072BF9AB53305EA9D6677943DA9CEF42CD0EDF4402D516FEFD247BDE9,Payment,2024-12-19T19:26:00,rp24eiXZvhsqGZ6yiHvYAmKoJCq7AGVwgS,rw9Pvqf292gNnwP4QXESH52dhTeYNaBDhE,60.0,incoming
C4C9B2FEBDCFB7BE3D461B3A14F5170F62297EF4766836C77E6AFC38BA05DA78,Payment,2024-12-17T19:14:51,rN8efFRqgCodaQAeijj1v6h9FhEyRkoMF9,rw9Pvqf292gNnwP4QXESH52dhTeYNaBDhE,1e-06,incoming
BBCA3B911B181A87361A729F87E7D92A04E721BE9A51213A801A04BE443E3909,Payment,2024-12-17T19:14:20,rw9Pvqf292gNnwP4QXESH52dhTeYNaBDhE,rNqn2fbyCKJvG2vDjWft1fjR2dV9tfptU2,100.0,outgoing
B84ACED9287E46AC0DAB1305007625C5E0C5B0E887F5B938AB8FF175A34D536F,Payment,2024-12-17T19:13:50,rpYCGSGfBcYbCmExBTZWUsFHWAKSSrL9ZJ,rw9Pvqf292gNnwP4QXESH52dhTeYNaBDhE,1e-06,incoming
A54917117E3A06DDFF034B1D721834D3FD7D6BEB4B8AE90BBF3D6A26B54FE625,Payment,2024-12-17T19:13:11,rp24eiXZvhsqGZ6yiHvYAmKoJCq7AGVwgS,rw9Pvqf292gNnwP4QXESH52dhTeYNaBDhE,100.0,incoming
79CEF05EC29425B201CB2A4933C2EEE3BBC46D0EFC671702476B6E6B50F94E6D,Payment,2024-12-16T23:04:11,rN8efFRqgCodaQAeijj1v6h9FhEyRkoMF9,rw9Pvqf292gNnwP4QXESH52dhTeYNaBDhE,1e-06,incoming
B4A76F757D3FEF8F7ACCB188B5B9F0A75A125ABAA2A887D347CDACD9A1C2508B,Payment,2024-12-16T23:03:40,rw9Pvqf292gNnwP4QXESH52dhTeYNaBDhE,rNqn2fbyCKJvG2vDjWft1fjR2dV9tfptU2,5.0,outgoing
8688F565D9743847677C6830B906F5102AF1C2898B67B66A84FEDFACCCDCBCC1,Payment,2024-12-11T14:29:42,rJxKV9e9p6wiPwxrJ4X1n98LosPL1sgcJW,rw9Pvqf292gNnwP4QXESH52dhTeYNaBDhE,1e-06,incoming
5FA0E6916753C414C2A9879919AE442A6E1EE05982C98022DECA3E0F12F58882,Payment,2024-12-11T14:29:11,rw9Pvqf292gNnwP4QXESH52dhTeYNaBDhE,rJn2zAPdFA193sixJwuFixRkYDUtx3apQh,20.0,outgoing
483541B2521E3F7A8A089D19647D2D0696A4CFBC290A98ED641DF66DFA9DB362,Payment,2024-12-09T06:32:20,rJxKV9e9p6wiPwxrJ4X1n98LosPL1sgcJW,rw9Pvqf292gNnwP4QXESH52dhTeYNaBDhE,1e-06,incoming
EF67092119BA4325F7AE8C02D19739737C4CFD126C6381B80FE5F9A0754BDAD4,Payment,2024-12-09T06:31:50,rw9Pvqf292gNnwP4QXESH52dhTeYNaBDhE,rJn2zAPdFA193sixJwuFixRkYDUtx3apQh,4.0,outgoing
F448A3299F37DBE524B3FE234E51F46230D0D9BDDEF7A87A32B2CCF458FDA87C,Payment,2024-12-06T22:08:51,rMmarAchWpUeMLSyNqi2Zz9ohHng2pf85x,rw9Pvqf292gNnwP4QXESH52dhTeYNaBDhE,1e-06,incoming
01AF280D740F4EFA9A7BA2AEE090C0E2FBE077E69A272D007C52CE234A4C86FA,Payment,2024-12-06T22:08:31,rw9Pvqf292gNnwP4QXESH52dhTeYNaBDhE,rMs7sogHGHT1wHtemQjVNZ7CcitHtQafGn,10.0,outgoing
0BF11A4BCD2C50D0A0462EADE67A1CBB7648EF5344A266C98858F0F557446C2E,Payment,2024-12-04T13:17:21,rwGsjb2ynFCtV7H79LidLgnqohcW8748HA,rw9Pvqf292gNnwP4QXESH52dhTeYNaBDhE,1e-06,incoming
A8D0C68A3059B8AB384FCB8D2FEA68E8AF61E39C41657E2F778ECB32D46179E7,Payment,2024-12-04T13:17:21,rwGsjb2ynFCtV7H79LidLgnqohcW8748HA,rw9Pvqf292gNnwP4QXESH52dhTeYNaBDhE,1e-06,incoming
708A52EA80EBC4553F1EE55C542F715733CA58B42CF185059FCF9A3A5068FC13,Payment,2024-12-04T13:15:51,rw9Pvqf292gNnwP4QXESH52dhTeYNaBDhE,rw9Pvqf292gNnwP4QXESH52dhTeYNaBDhE,3.165468,outgoing
82D852910947E926AE825DD87BC4DF8982123869DE094444DB98A41AB5E692AD,Payment,2024-12-03T14:32:50,rPrioTXJgZJF8bpdXq2X73PcVPfvYqjVKd,rw9Pvqf292gNnwP4QXESH52dhTeYNaBDhE,1e-06,incoming
4FFE43A7C0F6807BA67B8966C584888DB296B31F0BA6E479DB13EFC14EC6F86D,Payment,2024-12-03T14:18:01,rw9Pvqf292gNnwP4QXESH52dhTeYNaBDhE,rPVi98VaaT78ad8oEd2fsJ838bvYJ5t8vP,100.0,outgoing
9F848D9BB13BA8E16F03AC4600BCC84659EE5A5C92E83DB34E1888705083965B,Payment,2024-12-03T09:56:50,rJxKV9e9p6wiPwxrJ4X1n98LosPL1sgcJW,rw9Pvqf292gNnwP4QXESH52dhTeYNaBDhE,1e-06,incoming
597D3DF09B176B573E5ADBCD388B52E0DB2E64A4D84D6A0A0287EA53D3537D05,Payment,2024-12-03T09:33:30,rw9Pvqf292gNnwP4QXESH52dhTeYNaBDhE,rJn2zAPdFA193sixJwuFixRkYDUtx3apQh,5.0,outgoing
964B13698D29A3E27E44A58FF6B9AA95515F460E31795FDA617B58FCC9262190,Payment,2024-12-01T14:53:42,rw9Pvqf292gNnwP4QXESH52dhTeYNaBDhE,r9eiLmmG2F162EzjzR9PFgdkpeba3WEiuH,5.0,outgoing
161E36BBE5390A6DB330862F82B87370D811EFF3CF51065C556DD32334188A86,Payment,2024-11-30T12:01:00,rJxKV9e9p6wiPwxrJ4X1n98LosPL1sgcJW,rw9Pvqf292gNnwP4QXESH52dhTeYNaBDhE,1e-06,incoming
578A97A1F191BC32CBCF0B57EFCB04368B0357AC79F9E045A73F3A51FDAD5674,Payment,2024-11-30T12:00:12,rw9Pvqf292gNnwP4QXESH52dhTeYNaBDhE,rJn2zAPdFA193sixJwuFixRkYDUtx3apQh,3.0,outgoing
9466896A0726613C075852D8D99774FFD1A40C4F438ACC09EB1D468F29EA6EC3,Payment,2024-11-30T08:53:22,rwGsjb2ynFCtV7H79LidLgnqohcW8748HA,rw9Pvqf292gNnwP4QXESH52dhTeYNaBDhE,1e-06,incoming
03956A4CAFF388D29958A447C0BF219FE6444FFB585FAB3EE058DD3408CA6089,Payment,2024-11-30T08:53:22,rwGsjb2ynFCtV7H79LidLgnqohcW8748HA,rw9Pvqf292gNnwP4QXESH52dhTeYNaBDhE,1e-06,incoming
1FC013D55B42F32DD4AA21FE298C62DEFCD784213DB544EE035F30B948E31973,Payment,2024-11-30T08:53:00,rw9Pvqf292gNnwP4QXESH52dhTeYNaBDhE,rw9Pvqf292gNnwP4QXESH52dhTeYNaBDhE,52.147807,outgoing
FD50AC19549442A991AD970CB82ADF430AE8757AA59009A9B17796D9F4B000CB,Payment,2024-11-30T08:52:21,rwGsjb2ynFCtV7H79LidLgnqohcW8748HA,rw9Pvqf292gNnwP4QXESH52dhTeYNaBDhE,1e-06,incoming
06951FD3BC80B3460A07C22A2839577B97CE6CAF88C05CF2A533BCECC1BA6DB1,Payment,2024-11-30T08:52:20,rwGsjb2ynFCtV7H79LidLgnqohcW8748HA,rw9Pvqf292gNnwP4QXESH52dhTeYNaBDhE,1e-06,incoming
B4835F53D2CBAD65EEC664AEB7B95BFF9F0594986AB039B8F103714203C1180E,Payment,2024-11-30T08:52:01,rw9Pvqf292gNnwP4QXESH52dhTeYNaBDhE,rw9Pvqf292gNnwP4QXESH52dhTeYNaBDhE,14.553071,outgoing
CF97DD6EBCA7FE19DBB3F62B8324E08B17AE13BA5435FF170B9C52D40D3D3556,Payment,2024-11-30T08:51:31,rwGsjb2ynFCtV7H79LidLgnqohcW8748HA,rw9Pvqf292gNnwP4QXESH52dhTeYNaBDhE,1e-06,incoming
4F23481EB35F90871479CFFDB41BA3F3203B742A3EDCF406B6C3C2F04817674E,Payment,2024-11-30T08:51:31,rwGsjb2ynFCtV7H79LidLgnqohcW8748HA,rw9Pvqf292gNnwP4QXESH52dhTeYNaBDhE,1e-06,incoming
3D5D13C3F0D55E20D7EB514EC49924A446E1CACB150384933B893F8D221FDEEB,Payment,2024-11-30T08:51:10,rw9Pvqf292gNnwP4QXESH52dhTeYNaBDhE,rw9Pvqf292gNnwP4QXESH52dhTeYNaBDhE,8.027158,outgoing
B297A796E8B414427A8F63080517B3A02E010E9207D18C96A29F13E964E1A885,Payment,2024-11-19T20:18:01,rwma6unHYV1Ks9pTTaEBKzQ4WUKfGg3rp,rw9Pvqf292gNnwP4QXESH52dhTeYNaBDhE,1e-06,incoming
2928A5807D442FFDE9E86E2560667D73F240EB0E69492E3979C3F2113EF18E9D,Payment,2024-11-19T20:18:01,rwma6unHYV1Ks9pTTaEBKzQ4WUKfGg3rp,rw9Pvqf292gNnwP4QXESH52dhTeYNaBDhE,1e-06,incoming
C800D3EAD428F851049D74208D3F81F62896BF74E4B2A3A95FFD3B5C98372306,Payment,2024-11-19T20:17:41,rw9Pvqf292gNnwP4QXESH52dhTeYNaBDhE,rw9Pvqf292gNnwP4QXESH52dhTeYNaBDhE,54.083253,outgoing
0C529FC23F65A665ADE15EB9720325B23637E604D5816CA98E8AA576562EF4B7,Payment,2024-11-16T08:29:11,rKE9U8y5pRXxpoqgqDrZ9LLzTq2gZhk5zt,rw9Pvqf292gNnwP4QXESH52dhTeYNaBDhE,1e-06,incoming
F85AFFBCFBB10C7D64F7625AA7465C91DD6DD06F45B4787CF846B482996CE35A,Payment,2024-11-16T08:28:50,rw9Pvqf292gNnwP4QXESH52dhTeYNaBDhE,rKWd5mFBomUj78m6AMLw82ddhapn7MGRJs,20.0,outgoing
E0834C0B69E7255FD5CD1C65E4F91290C9258B67C543146A8E2D99D5A7CE3316,Payment,2024-11-11T13:47:31,rwma6unHYV1Ks9pTTaEBKzQ4WUKfGg3rp,rw9Pvqf292gNnwP4QXESH52dhTeYNaBDhE,1e-06,incoming
44264012EEC9B7B9D562B0F7D169D020F94941722FC9C4693D48CE330082B1E1,Payment,2024-11-11T13:47:31,rwma6unHYV1Ks9pTTaEBKzQ4WUKfGg3rp,rw9Pvqf292gNnwP4QXESH52dhTeYNaBDhE,1e-06,incoming
094FD39047EF9097DF64923493F18C1C400F8A220B68367F154D501E6C812E12,Payment,2024-11-11T13:47:20,rw9Pvqf292gNnwP4QXESH52dhTeYNaBDhE,rw9Pvqf292gNnwP4QXESH52dhTeYNaBDhE,263.059655,outgoing
4A5817BABD7C3C15C85019549A3735A5954A942B11379479EDD41D41F341F912,Payment,2024-11-05T12:39:41,rLdiMFed2iuzFBffct3ZiEQsAfFkn17xNU,rw9Pvqf292gNnwP4QXESH52dhTeYNaBDhE,1e-06,incoming
64D825A4611AC09EF29E4A907C92A3BE9174470F25E8FF1861B91B7F74212FA7,Payment,2024-11-05T12:39:02,rw9Pvqf292gNnwP4QXESH52dhTeYNaBDhE,rLfgVUe8j6LHjWgudAQpF8dM9spb4ya2Bi,20.0,outgoing
B833DD4BE8514D448E8D47ED359A812854FCEC7599C131319B649B2832B5B6B4,Payment,2024-11-05T12:38:11,rwma6unHYV1Ks9pTTaEBKzQ4WUKfGg3rp,rw9Pvqf292gNnwP4QXESH52dhTeYNaBDhE,1e-06,incoming
0864CE2340FD8CCD5E37A4D4DE4A99044E98C6087A05FD1A2FC40FD27D377849,Payment,2024-11-05T12:38:11,rwma6unHYV1Ks9pTTaEBKzQ4WUKfGg3rp,rw9Pvqf292gNnwP4QXESH52dhTeYNaBDhE,1e-06,incoming
D560C52C3F2455EA77AB5DF23585EA0C6D32DAC1332FDCE9899E763F50AE134C,Payment,2024-11-05T12:37:50,rw9Pvqf292gNnwP4QXESH52dhTeYNaBDhE,rw9Pvqf292gNnwP4QXESH52dhTeYNaBDhE,22.235811,outgoing
8624742C9C780D9FD37C610E9FB18A4DCFEA5EED4F3E6ED4791377E5B54A3004,Payment,2024-11-02T07:36:30,rpf5shpGsTBvqeX284LGziVSp1mCRDxwDg,rw9Pvqf292gNnwP4QXESH52dhTeYNaBDhE,1e-06,incoming
D34EE3B544B76B3DD0317488B2D31FA28798FDAE1D305824E2C15FC153F4DA81,Payment,2024-11-02T07:36:11,rp24eiXZvhsqGZ6yiHvYAmKoJCq7AGVwgS,rw9Pvqf292gNnwP4QXESH52dhTeYNaBDhE,100.0,incoming
E924AD577367994FC8296A70CFDA4BE2638A570B3A7E1973380B6B5B70A4442E,Payment,2024-10-25T12:31:32,rw9Pvqf292gNnwP4QXESH52dhTeYNaBDhE,rDYcFQSiHayg3NEHEqNkvaKheGm45xbYFB,10.0,outgoing
77C4160873AEAE211C8B727558EDD3A9AAC4FFC9B0B40F2B11A8399670E5DEF0,Payment,2024-10-25T11:39:40,rp24eiXZvhsqGZ6yiHvYAmKoJCq7AGVwgS,rw9Pvqf292gNnwP4QXESH52dhTeYNaBDhE,200.0,incoming
00FF9969910BD6FBF18F8A0A5392CD5A08B1988490BF59566A1D1D61F6BBC8A0,Payment,2024-10-22T21:25:11,rw9Pvqf292gNnwP4QXESH52dhTeYNaBDhE,rp24eiXZvhsqGZ6yiHvYAmKoJCq7AGVwgS,980.0,outgoing
B8B0D2BCB97AA1F8142612466A1F7E0C7D193D49F3E2C84A4105B77977D58108,Payment,2024-10-22T21:14:11,rw9Pvqf292gNnwP4QXESH52dhTeYNaBDhE,rw9Pvqf292gNnwP4QXESH52dhTeYNaBDhE,998.608074,outgoing
0EA91161269B22B9A2381C468C8DD78DDFB2E57249B9FB99A2994E7D61594BCB,Payment,2024-10-21T23:05:21,rw9Pvqf292gNnwP4QXESH52dhTeYNaBDhE,rw9Pvqf292gNnwP4QXESH52dhTeYNaBDhE,4.1e-05,outgoing
7AD2B3EFBD7662278CD031E3DF02D8DCC7571C5F113A150FA09C01736C372D4B,Payment,2024-10-21T23:03:32,rw9Pvqf292gNnwP4QXESH52dhTeYNaBDhE,rw9Pvqf292gNnwP4QXESH52dhTeYNaBDhE,0.00025,outgoing
D04B6F048A126BB95C4FC5742C834171E14BE011DE621E796CFA4AF7197C3A31,Payment,2024-10-21T23:02:01,rw9Pvqf292gNnwP4QXESH52dhTeYNaBDhE,rw9Pvqf292gNnwP4QXESH52dhTeYNaBDhE,2.470773,outgoing
F3C37969272ED4432CED19DD42EDAC5A70638F2CE5DCCD84D51958390146D0BC,Payment,2024-10-21T23:01:20,rw9Pvqf292gNnwP4QXESH52dhTeYNaBDhE,rw9Pvqf292gNnwP4QXESH52dhTeYNaBDhE,3.685848,outgoing
0F8534D646E0753EC44BB5DDBF746C6ABB0A4ABB8C4EF9CFFD504738B7EAA2DC,Payment,2024-10-21T23:00:41,rw9Pvqf292gNnwP4QXESH52dhTeYNaBDhE,rw9Pvqf292gNnwP4QXESH52dhTeYNaBDhE,4.790888,outgoing
C17D4417B033D6D0AE105F2409165CE71544BF856A4E0C00FA42B3EB0015A894,Payment,2024-10-21T20:14:51,rw9Pvqf292gNnwP4QXESH52dhTeYNaBDhE,rp24eiXZvhsqGZ6yiHvYAmKoJCq7AGVwgS,30.0,outgoing
BA21A4A3E3A708735E96555328431F5FF79F76FAFFFFD5B4E837C0688E4107E5,Payment,2024-10-21T04:48:31,rMvCasZ9cohYrSZRNYPTZfoaaSUQMfgQ8G,rw9Pvqf292gNnwP4QXESH52dhTeYNaBDhE,36.87,incoming
A83B957AB715AF5DFE13E40C7EE057470F6F35052F78E8E394178A035A5EA983,Payment,2024-10-20T04:27:22,rMvCasZ9cohYrSZRNYPTZfoaaSUQMfgQ8G,rw9Pvqf292gNnwP4QXESH52dhTeYNaBDhE,330.34,incoming
7E4565B1AC05B48F32952E66C11BB1A4A057137E945634C27129612CCE9F05A3,Payment,2024-10-19T23:46:50,rw9Pvqf292gNnwP4QXESH52dhTeYNaBDhE,rp24eiXZvhsqGZ6yiHvYAmKoJCq7AGVwgS,20.0,outgoing
D2CD5535DEC132C0E8B68584931215300A5199998A5E25AED02B206974F5A6C2,Payment,2024-10-19T21:50:30,rMvCasZ9cohYrSZRNYPTZfoaaSUQMfgQ8G,rw9Pvqf292gNnwP4QXESH52dhTeYNaBDhE,185.62,incoming
E80A13C483AE68E578D2EFEDEC41AF85294E88E1948075AE656E39A82D016253,Payment,2024-10-19T17:24:41,rw9Pvqf292gNnwP4QXESH52dhTeYNaBDhE,rw9Pvqf292gNnwP4QXESH52dhTeYNaBDhE,8.512917,outgoing
9FA1C955033AA246BC98C439A28D2D7A4F10434CD96CD62867D7C8B187B356E4,Payment,2024-10-19T16:10:22,rw9Pvqf292gNnwP4QXESH52dhTeYNaBDhE,rw9Pvqf292gNnwP4QXESH52dhTeYNaBDhE,1.0,outgoing
BE9151026081746498621250742FB106ADF997935B52FB0C7D11A3EBADA94C30,Payment,2024-10-15T20:10:01,rw9Pvqf292gNnwP4QXESH52dhTeYNaBDhE,rK8tAVye11b9TgnFJ2mNBvncn8mT3fpYjo,5.0,outgoing
E83396A52E2FD155D4200E61100DFA328305E977BCDA9AF67A49C16F65FC319C,Payment,2024-10-15T17:33:01,rneiroYijWKmeQdh3BhZaEs8feSQLrH4xV,rw9Pvqf292gNnwP4QXESH52dhTeYNaBDhE,5.0,incoming
CD1179B91E5AB620D0BF6B7D4A0B271BB407E34E8979F1C594835FD8CC738F31,Payment,2024-10-15T17:32:21,rneiroYijWKmeQdh3BhZaEs8feSQLrH4xV,rw9Pvqf292gNnwP4QXESH52dhTeYNaBDhE,10.0,incoming
D575DD39F9418430CE1B6A28FB2BBF47F64DB7ABE1333E0C83EE3F58B42DB8BA,Payment,2024-10-15T17:32:00,rneiroYijWKmeQdh3BhZaEs8feSQLrH4xV,rw9Pvqf292gNnwP4QXESH52dhTeYNaBDhE,8.0,incoming
2D3EE1784E36A25A87D5024837BEBE8A28B759A17CF0F6CC5045C96A8287A9DC,Payment,2024-10-09T17:16:01,rw9Pvqf292gNnwP4QXESH52dhTeYNaBDhE,rD37r1cciGqmdBpqou2DneEiWA1iQsAphP,4.0,outgoing
420A998C3D7A173DDD200956C43CB621470A403CE96C1D2653BD2A6BEC4B5911,Payment,2024-10-02T19:39:01,rw9Pvqf292gNnwP4QXESH52dhTeYNaBDhE,rDTLnFAHFAdBKQ4E6ZukgXfcR9sqEwXea5,8.0,outgoing
3C2E435BBC5D76F164A4DDEAD28340DA758C5F1E11EA52FD7F2664381ADEBEA1,Payment,2024-10-02T16:19:12,rneiroYijWKmeQdh3BhZaEs8feSQLrH4xV,rw9Pvqf292gNnwP4QXESH52dhTeYNaBDhE,8.0,incoming
321841E99DB81E5B58B7C9FF40113644C694FAEF6B5216681951203DA57FE153,Payment,2024-09-25T07:15:30,rw9Pvqf292gNnwP4QXESH52dhTeYNaBDhE,rK8tAVye11b9TgnFJ2mNBvncn8mT3fpYjo,5.0,outgoing
2D1AD2E912B448FD5226E1D3C319BA527689B161D8D5DCFE6EBE2D1CA1641DD4,Payment,2024-09-24T21:19:22,rneiroYijWKmeQdh3BhZaEs8feSQLrH4xV,rw9Pvqf292gNnwP4QXESH52dhTeYNaBDhE,5.0,incoming
F5B9EEBACACD7500177D653E9D026991138A98A209F3C3C073323F888A4ACA46,Payment,2024-09-21T14:56:50,rw9Pvqf292gNnwP4QXESH52dhTeYNaBDhE,rJn2zAPdFA193sixJwuFixRkYDUtx3apQh,30.0,outgoing
EA022BDD86D1ABAD4253F1FA84B0B81D50B4CDE98EB38CEDDFCE3905B77548F2,Payment,2024-09-21T09:59:01,rw9Pvqf292gNnwP4QXESH52dhTeYNaBDhE,rhfJ373QLpZYmDi9ZPgnp7Mmz9fF1x1i2P,10.0,outgoing
87EE8F037A00B587E8E3687EE4A56CBDEC0801CC4029488836B3C086E360E21B,Payment,2024-09-21T09:43:31,rw9Pvqf292gNnwP4QXESH52dhTeYNaBDhE,rDTLnFAHFAdBKQ4E6ZukgXfcR9sqEwXea5,10.0,outgoing
2DA68957E4A004B2BFB89EC07C027EA01673008F58EC9CAC81B96418C9EAAF32,Payment,2024-09-21T09:42:51,rw9Pvqf292gNnwP4QXESH52dhTeYNaBDhE,rK8tAVye11b9TgnFJ2mNBvncn8mT3fpYjo,10.0,outgoing
2C82EAF17DBAB53908FC04F097AAB0E98D640E939F6B2999B775E2B9FD99A5CF,Payment,2024-09-21T09:32:41,rHgmKdUNoAEYfjKW4F2vR4aWchZj2utmnj,rw9Pvqf292gNnwP4QXESH52dhTeYNaBDhE,10.0,incoming
26B54868FC5B266A3D42E5B4EF95F2136E670761A6B229FCC64A21DD1B2B9ECD,Payment,2024-09-21T09:31:40,rHgmKdUNoAEYfjKW4F2vR4aWchZj2utmnj,rw9Pvqf292gNnwP4QXESH52dhTeYNaBDhE,50.0,incoming
60F4CA10E5A073955B11A1112C309E0ED912EEFB96EB8AD5BD51F8BF312397A7,Payment,2024-09-12T09:30:01,rw9Pvqf292gNnwP4QXESH52dhTeYNaBDhE,rnBU5kDUoqZXDMYURh8F6GX7Yfk4qjVaE9,8.0,outgoing
1780AFC7F2ED0171E7739A29EB71D6E793456DF61487687877EFA3FF030B672E,Payment,2024-09-11T18:47:01,rneiroYijWKmeQdh3BhZaEs8feSQLrH4xV,rw9Pvqf292gNnwP4QXESH52dhTeYNaBDhE,8.0,incoming
050D8129789C8FF44104D343D8627F83EE1D50812C0BA3FCEB1194664ED94AD3,Payment,2024-09-08T22:12:40,rw9Pvqf292gNnwP4QXESH52dhTeYNaBDhE,rDYcFQSiHayg3NEHEqNkvaKheGm45xbYFB,5.0,outgoing
AB658E4A6DB2E60573A21171EFBBAB770DA06228A4DEFBC0E5BD120CE8109ACE,Payment,2024-09-05T21:37:30,rw9Pvqf292gNnwP4QXESH52dhTeYNaBDhE,rw9Pvqf292gNnwP4QXESH52dhTeYNaBDhE,18.664041,outgoing
ABB3D4B7C25205196BD6AD6EA3AD27EFCF3497E20025275C2E06608185930B44,Payment,2024-09-05T21:17:52,rwjyDXa3YsdZUJcJSDkyRRvt1qwPfxVNKY,rw9Pvqf292gNnwP4QXESH52dhTeYNaBDhE,1e-06,incoming
2D03CA7FC4F0F33257737E783C34B555FB6B53C2C58D63E9A5EB0E6AD6C0E55F,Payment,2024-09-05T21:17:42,rwjyDXa3YsdZUJcJSDkyRRvt1qwPfxVNKY,rw9Pvqf292gNnwP4QXESH52dhTeYNaBDhE,1e-06,incoming
00C4519A8C8589A25FF953D7D090D4D87A8A543511DB8E71D091D929498057E7,Payment,2024-09-05T08:29:00,rwjyDXa3YsdZUJcJSDkyRRvt1qwPfxVNKY,rw9Pvqf292gNnwP4QXESH52dhTeYNaBDhE,1e-06,incoming
BBC24EB613F4FDD295CDDC597863779F64D9774C8600DFB644DAB4682D1E939B,Payment,2024-09-05T08:28:50,rwjyDXa3YsdZUJcJSDkyRRvt1qwPfxVNKY,rw9Pvqf292gNnwP4QXESH52dhTeYNaBDhE,1e-06,incoming
27B138B0C51E37F4B80E9FC1B08F41F2BCC09D3A549949E20B743825000FE388,Payment,2024-09-05T08:28:41,rwjyDXa3YsdZUJcJSDkyRRvt1qwPfxVNKY,rw9Pvqf292gNnwP4QXESH52dhTeYNaBDhE,1e-06,incoming
81E1FA212ADF521666F6F0D5D37D377434E5BAC99703254C99D40B563337CD64,Payment,2024-09-05T08:27:50,rw9Pvqf292gNnwP4QXESH52dhTeYNaBDhE,rw9Pvqf292gNnwP4QXESH52dhTeYNaBDhE,0.179288,outgoing
4A3ACF360C1D2D32A0EBDB26B82EAB2C6DC5E19BBF519076AA0078C01071D18E,Payment,2024-09-04T20:43:31,rDYcFQSiHayg3NEHEqNkvaKheGm45xbYFB,rw9Pvqf292gNnwP4QXESH52dhTeYNaBDhE,3.548019,incoming
89CB5B8A3FCC320AAF8336044666EF0FFE2C70ADEC7C95AAA4D7FD652EA20941,Payment,2024-09-04T20:38:22,rw9Pvqf292gNnwP4QXESH52dhTeYNaBDhE,rw9Pvqf292gNnwP4QXESH52dhTeYNaBDhE,1.974474,outgoing
58EE08A55F168CF36940A7A8D1DC05C0A44F30B108215A9B2B31AC66D34D7204,Payment,2024-09-04T19:33:11,rneiroYijWKmeQdh3BhZaEs8feSQLrH4xV,rw9Pvqf292gNnwP4QXESH52dhTeYNaBDhE,5.0,incoming
CA1BDFBABB160318023D997B884A84722CD0383DF8FFE136C8DD968B5C0C8C4D,Payment,2024-09-02T15:16:51,rw9Pvqf292gNnwP4QXESH52dhTeYNaBDhE,rDYcFQSiHayg3NEHEqNkvaKheGm45xbYFB,4.0,outgoing
7725A7A8CEE878049C3777A967E3E9082E916097DF6259C64042C845BEE795C8,Payment,2024-08-19T22:30:40,rw9Pvqf292gNnwP4QXESH52dhTeYNaBDhE,r9BrQrfy4d4KvELvmHhubgG6THERCbmr9g,5.0,outgoing
3F94DBDEB17CE058CF9CE5F4962C60D2CE69E9D135CEA243B50C6C16686CCFB0,Payment,2024-08-19T20:25:01,rneiroYijWKmeQdh3BhZaEs8feSQLrH4xV,rw9Pvqf292gNnwP4QXESH52dhTeYNaBDhE,5.0,incoming
0FE6F60E6398774B03A2B46EF399DE335E1B4B9C2CF88746F2C5C1AA0295F38A,Payment,2024-08-15T10:33:02,rDYcFQSiHayg3NEHEqNkvaKheGm45xbYFB,rw9Pvqf292gNnwP4QXESH52dhTeYNaBDhE,10.75,incoming
58E5A63BE1908F692D51DAD4A5EBECBF46F9340CE74BEA0A5643FE6222564890,Payment,2024-07-24T11:44:10,rw9Pvqf292gNnwP4QXESH52dhTeYNaBDhE,rJn2zAPdFA193sixJwuFixRkYDUtx3apQh,3.564651,outgoing
3CB77EFDA6A443D7F92AF05ADDE038521FF6F7FBA9D5BD9B14169F14C06BEF00,Payment,2024-07-18T23:16:01,rw9Pvqf292gNnwP4QXESH52dhTeYNaBDhE,rJn2zAPdFA193sixJwuFixRkYDUtx3apQh,19.0,outgoing
6AD48993CEEA366A3CF5146212377A5A1111BCE3F5B327F62AB02B33EB98911C,Payment,2024-01-08T19:56:00,rw9Pvqf292gNnwP4QXESH52dhTeYNaBDhE,rNxp4h8apvRis6mJf9Sh8C6iRxfrDWN7AV,200.0,outgoing
315B880145A67CB1E5BD5CC6E0A5B96AC80BAFA3B3022E95721FC5E947B1F9F3,Payment,2024-01-06T03:34:52,rMAGnTv4eMWktZnhKa5cHcDiY84ZiKUaQm,rw9Pvqf292gNnwP4QXESH52dhTeYNaBDhE,0.003948,incoming
41CC1D283952B15D1048200BD4279005CCAEE730DD77C51016AE6F1D44091344,Payment,2024-01-04T20:24:30,rMAGnTv4eMWktZnhKa5cHcDiY84ZiKUaQm,rw9Pvqf292gNnwP4QXESH52dhTeYNaBDhE,0.003876,incoming
826AF2DFE34748BDF87A1F7FD1EC792ACB17591750CAD0C75CE4F133A5AE5D78,Payment,2023-12-31T19:20:51,rMAGnTv4eMWktZnhKa5cHcDiY84ZiKUaQm,rw9Pvqf292gNnwP4QXESH52dhTeYNaBDhE,0.002871,incoming
1DB01DC4C5D2F4321FBE93F3D6BD2E289339836D09953EA950B4C1A0B407CA2E,Payment,2023-12-31T12:10:40,r9BrQrfy4d4KvELvmHhubgG6THERCbmr9g,rw9Pvqf292gNnwP4QXESH52dhTeYNaBDhE,2.0,incoming
B5A2AEBFBD5E3F6DD3D90C5E10286E56D4426A33A27AC5B24F9D8C0CE38E8A5B,Payment,2022-03-08T16:59:52,rw9Pvqf292gNnwP4QXESH52dhTeYNaBDhE,rEb8TK3gBgk5auZkwc6sHnwrGVJH8DuaLh,24.648515,outgoing
A2A56380DC3C62B13ECC410F7CC7B63CA1783A665CBE28F065EFAB72D380BE50,Payment,2022-01-15T14:27:10,rDAE53VfMvftPB4ogpWGWvzkQxfht6JPxr,rw9Pvqf292gNnwP4QXESH52dhTeYNaBDhE,30.75,incoming
